{
    "data": [
        {
            "department": "GENERAL",
            "today": 0,
            "current_month": 1167.8999999999999,
            "previous_month": 12381.699999999993
        }
    ]
}